Gene	Chromosome	Strand	Exon_start	Acceptor_seq	Exon_end	Donor_seq
PLP1	chrX	+	103040511	TTCCCCTTCTTCTTCCCCAGGCT	103040697	TGTGTAAGT
PLP1	chrX	+	103042727	CCCCATGTCAATCATTTTAGTTT	103042895	ATGGTGAGT
PLP1	chrX	+	103043366	GCTTTTTGTGTCTTACTTAGGTG	103043439	GAGGTGAGT
PLP1	chrX	+	103044262	CCTCTTTCATTTTCCTGCAGTTC	103044327	CTGGTGAGT
PLP1	chrX	+	103045455	CTCTCTTCTGTTCCCTACAGCTC	103047548	AAACATCGT
ALDH7A1	chr5	-	125877533	AAAATAATTCCTCAACTCCAATT	125880711	AGTACTATC
ALDH7A1	chr5	-	125882016	GTACATGAGAAGGTCTACTTGGT	125882091	AGGAGGAGA
ALDH7A1	chr5	-	125885621	CTGAGATTGGAGGTGCCTTTGGT	125885694	AGACCTAAA
ALDH7A1	chr5	-	125885888	CAGAATCTTTCGCTGGCTTGGGT	125885985	AGAATGAAG
ALDH7A1	chr5	-	125887713	CTCTATGTCTTTAAATTCAAGGT	125887829	AGGTTATGG
ALDH7A1	chr5	-	125894932	TGTACCACTGCGAGGCGACTGGT	125895026	AGCCTTTGA
ALDH7A1	chr5	-	125896775	GAGGAAACAATGCCATTATTGGT	125896816	AGGGAGAAG
ALDH7A1	chr5	-	125903951	TGATGGTGCAGGAGAGGTTTGGT	125904048	AGCACAGCA
ALDH7A1	chr5	-	125906474	TTGTGGTGGAGCAGATATTGGGT	125906551	AGGATAATA
ALDH7A1	chr5	-	125911112	CATTAGTGTGGCTGTCACAAAGT	125911156	AGGAAAGGA
ALDH7A1	chr5	-	125912771	CTGTGGAAATGTCTGCCTCTGGT	125912903	AGGATCTGG
ALDH7A1	chr5	-	125918543	GACCTATCTTGCCTTCTGAAAGT	125918666	AGGTGTCTT
ALDH7A1	chr5	-	125919624	ATCCAAGTACTAGGAAGCTTGGT	125919704	AGATTCCTG
ALDH7A1	chr5	-	125928356	GCATGGAAAATCTGGGCAGATGT	125928421	AGGCCAGTG
ALDH7A1	chr5	-	125929043	CCAATAGCAAGAGTCCGACAGGT	125929096	AGGTTATTA
ALDH7A1	chr5	-	125930699	AGCTGGGGAGGCCGGGGAGAGGT	125931082	CTGTAGCAC
NIPBL	chr5	+	36953720	GTCTGTTTTGTGTGTTGCAGTGT	36953862	ACCGTAAGT
NIPBL	chr5	+	36955574	TCTGATTTTATTCCAAATAGTCC	36955739	CATGTAAGT
NIPBL	chr5	+	36958206	ACTTATTTTCTCAATGCCAGAGA	36958333	GTGGTGAGT
NIPBL	chr5	+	36961586	TATTTTTGTGTTTTGCATAGGAA	36961685	CAGGTAATA
NIPBL	chr5	+	36962225	ATTTGGGTTTTGGGTTTTAGCCG	36962376	AAGGTAAGA
NIPBL	chr5	+	36970978	TTTATTCTTATTAATTTCAGCAT	36971138	GACGTATGT
NIPBL	chr5	+	36972047	ATTGTATACTCTATTTTTAGGAT	36972143	AAGGTACTA
NIPBL	chr5	+	36975878	CTATCGAATTATTTTTCTAGGCT	36976504	AAGGTAAAA
NIPBL	chr5	+	36984778	TATTTATCTTTAAATTTCAGATA	36986403	AAGGTAAGA
NIPBL	chr5	+	36995724	AATTTACCTTTCATTAATAGGTA	36995906	AATGTAAGT
NIPBL	chr5	+	37000475	TCATGGGGATTTGCTTCTAGCCT	37000672	AGGGTAATT
NIPBL	chr5	+	37006459	TTAACAATACTGTTTTACAGAAT	37006690	GAGGTTAGT
SCN1A	chr2	-	166915080	TATTAAGATTTTGGTACATTCAT	166915198	AGACTTTTA
SCN1A	chr2	-	166912921	TGATTGGACAAAGAATGTAGAGT	166913010	ACATTATTC
SCN1A	chr2	-	166911148	TTTCACTGTCATTACATTTGCGT	166911276	AGATACACC
SCN1A	chr2	-	166908229	AGTCATATATTCAAGATTCAAGT	166908498	AGGCCTGAA
SCN1A	chr2	-	166903280	AAGCAACAGGAGGCAGCTCAGGT	166903486	AGACATTAC
SCN1A	chr2	-	166901553	AGGTACTCCTCCCCACACCAGGT	166901837	AGCAGGCAG
SCN1A	chr2	-	166897741	GTGCTTACAGTAGGAAACTTGGT	166897979	AGAACTTGA
SCN1A	chr2	-	166895933	GTTCTCCGTTCATTTCGATTGGT	166896106	AGGTTTTCA
SCN1A	chr2	-	166894286	ATGGTGATTGGAAACCTAGTGGT	166894642	AGCTGCGAG
SCN1A	chr2	-	166892558	GATCTGGAAGAAAGCAAAGAGGT	166893040	AGGTCCTGA
SCN1A	chr2	-	166858982	TATCTCTCTTTGCTTCAAGTTGT	166859263	AGGTGGTTG
SCN1A	chr2	-	166850656	TTGTCATTCTCTCCATTGTAGGT	166850926	AGAACAAAT
PLA2G6	chr22	-	38565225	GAACTCACAGAGTGGATTCCGGT	38565478	AGACAGAGG
PLA2G6	chr22	-	38541445	CCATCACAGCCGTATCATCAGGT	38541660	AGACTCTTC
PLA2G6	chr22	-	38539112	GACAATTCTCAGGTGCTGCAGGT	38539295	AGCTGTGCC
PLA2G6	chr22	-	38535989	CATGAAGTTCTCTCAGAAGGGGT	38536176	AGCTCCTTG
PLA2G6	chr22	-	38530995	CACTGGGCCAAGAACGCAGAGGT	38531091	AGGTGTGCG
PLA2G6	chr22	-	38528838	CCGCTGCACCTGGCCATGTCGGT	38529020	AGATGGCCC
PLA2G6	chr22	-	38525461	TAGCCTCCAAAATCGGCAGACGT	38525569	AGAAAGACA
PLA2G6	chr22	-	38522378	CATGAGGGACGAGAAGCGGACGT	38522456	AGAACTACA
PLA2G6	chr22	-	38519102	TGGCCCTGGCCATTCTGCACAGT	38519265	AGCCACGAC
PLA2G6	chr22	-	38516766	GACGGACGTCAGGAAACCCAAGT	38516916	AGGTAAGTC
PLA2G6	chr22	-	38512082	GGCCTCCAGCTCAGCCCTCAGGT	38512218	AGGGTGATG
PLA2G6	chr22	-	38511534	AATCAGGACCTGATCCGCAAGGT	38511688	AGACCAGCT
ALS2	chr2	-	202631952	ATGGAGTTCTTCTGACTGAAGGT	202632106	AGCTCAACA
CAPN3	chr15	+	42701985	TCCTCTCCCTTCCTCCTCAGGAC	42702042	AACGTGAGT
CAPN3	chr15	+	42702129	ACTCTTCTCCATCCCCCCAGACA	42702193	GATGTATCC
CAPN3	chr15	+	42702626	CCCTGACCTCCCTCCTCCAGACA	42702694	CAGGTGGGA
CAPN3	chr15	+	42702786	CTCAAATTTTCTATTGCCAGAAA	42702864	CAGGTGCTG
CAPN3	chr15	+	42703082	TAACATGGTCCCCTCCACAGGAT	42703198	TCAGTAAGT
CAPN3	chr15	+	42703485	GCCTGTGCATTCTTTCACAGGAG	42703543	GAGGTAAAG
FKTN	chr9	+	108337226	AATATCTTTTTTGTTCACAGAAA	108337418	AAGGTAATT
FKTN	chr9	+	108358879	TTCTTTTGTTGTCTTCCTAGAAT	108358938	TGGGTATGT
FKTN	chr9	+	108363426	ATTCTTTTTCTCTCAAACAGCGT	108363629	GAGGTAAGT
FKTN	chr9	+	108366496	TGATGCTTCTTTGGTTCTAGGAA	108366773	CAGGTAAGT
FKTN	chr9	+	108370100	ATCTTAACTTTTGTTTTCAGGCC	108370232	CAGGTTAGA
FKTN	chr9	+	108377559	ACTATTTATTATATCTGTAGCAG	108377688	TAGGTAAAA
FKTN	chr9	+	108380240	AAATTTAATCTTCTTTTTAGGAT	108380373	AAGGTCAGT
FKTN	chr9	+	108382215	GGTTTTCATCTTCCCCATAGGTA	108382342	CAAGTATGA
LAMA2	chr6	+	129465046	TTATTTTTCATATTGTGTAGATT	129465225	AGAGTAAGT
LAMA2	chr6	+	129468104	CTCTGGATTGCTTTTTGCAGTAT	129468193	AATGTATGT
LAMA2	chr6	+	129470124	TCCTCCCTCTTTTTGACTAGAAA	129470241	AAGGTATGT
LAMA2	chr6	+	129475650	TTTATTTTTCCTTAATGCAGCAT	129475828	GGGGTAAAG
LAMA2	chr6	+	129486721	CATTTTAATATTTTTGTTAGGTA	129486820	GAGGTGAGA
LAMA2	chr6	+	129498851	TGTGGCTCATCTTTCTTTAGGTT	129499011	AAGGTACAT
LAMA2	chr6	+	129511350	ATACATCTCTTTATTTGCAGGAA	129511490	AAAGTAAGC
LAMA2	chr6	+	129513825	GACTGTGTGTTTTCTCTAAGATA	129513998	AAAGTAAGT
LAMA2	chr6	+	129571257	ATGCATCTTCTGTCTTGTAGCTC	129571358	GAGGTAGAG
LAMA2	chr6	+	129573229	TCTTTTTTTTCCCCCTTTAGGGT	129573440	CAGGTAAAA
LAMA2	chr6	+	129581856	TCTTTTTTCCTCTGCCATAGGTT	129581967	GAAGTAAGC
LAMA2	chr6	+	129588251	AAGCCTTATCTTTCTCTCAGTCT	129588364	CTGGTAAGT
WFS1	chr4	+	6279178	GACCTTGACTTTTCTTCCAGGCA	6279414	CCGGTAAGG
WFS1	chr4	+	6288820	TTGTTTCTTCTGTGTTAAAGGGC	6288902	GAGGTGAGG
WFS1	chr4	+	6290714	GACTGGTGTCTGGCTTGCAGGTG	6290858	GAGGTGGGT
WFS1	chr4	+	6292924	GACCACATCCTATCCCTCAGGCA	6293094	ACGGTGCGA
WFS1	chr4	+	6293644	ATCCACCCTGTCCCCTGCAGATG	6293724	AGTGTGAGT
WFS1	chr4	+	6296768	TGTTTTCTCTCATGCTTCAGCCA	6296916	AAGGTGAGT
WFS1	chr4	+	6302384	ACGTACCATCTTTCCCCCAGGTG	6304992	GCAGCGCTT
APTX	chr9	-	32989757	AGAAATGTTCTCGACAGCAAGGT	32989893	AGAGTGATG
APTX	chr9	-	32985969	ATGCAGGACCCCAAAATGCAGGT	32986028	AGGAATCCC
APTX	chr9	-	32984629	CCACGCCATTCCGAGTATGAGGT	32984855	AGGTTTACA
APTX	chr9	-	32974456	AATACTTCCTAGAATCACAAGGT	32974559	AGCCATGTA
SGCE	chr7	-	94285302	CTGGCACATTCTTGCTGACAGGT	94285521	TACGGGATT
SGCE	chr7	-	94259031	TTCCACCTTACCCAAAACCTGGT	94259153	AGTGTACAG
SGCE	chr7	-	94257514	GGGAAGCCAACAATCATTGAGGT	94257671	AGGCGAGAT
SGCE	chr7	-	94252637	TTAATATAATGTCTGCAGAAGGT	94252709	AGATAACTG
SGCE	chr7	-	94248070	CATTAATGACCTGAAGGAGGGGT	94248268	AGACTTCCC
SGCE	chr7	-	94232602	GACTGGTGCAAAATTTCATTGGT	94232764	AGCGTTTAT
SGCE	chr7	-	94229958	GTGCTGCCGACGGGAAGGCGTGT	94230169	AGGTTGATA
SGCE	chr7	-	94228087	GCCATTGATGCAAACGCAGCAGT	94228275	AGCATCCAA
SGCE	chr7	-	94218001	TTCCCCAACAGCAGACTACAGGT	94218044	AGGAACTTG
RYR1	chr19	+	38993147	GTCCTCACCCTGCGCCCTAGGCC	38993367	CAGGTGGAG
RYR1	chr19	+	38993520	TCTTGTGCATTGTCCCGCAGGTA	38993610	AAGGTGAGG
RYR1	chr19	+	38994860	CCCCTCTTGTTCCCACCCAGCTC	38995000	AAGGTCTGG
RYR1	chr19	+	38995388	GCTTCACCCGGTTTTCCCAGAAA	38995551	CAAGTGAGG
RYR1	chr19	+	38995643	TGACCCTGTGCCCCCAACAGTGT	38995721	AAGGTTGGC
RYR1	chr19	+	38995949	TGCCTCCCCTCCATCTCTAGATC	38996038	AAGGTGACC
RYR1	chr19	+	38996446	CACCCTCCTGTCCACCCCAGGAC	38996586	CAGGTGAAG
RYR1	chr19	+	38996943	TCTTCCCCTTGTCCTCTCAGACC	38997017	CAGGTGAGA
RYR1	chr19	+	38997111	GACTCTGCATCCACTCCCAGGCC	38997186	aaggtgagg
RYR1	chr19	+	38997469	TCTGGTCTTTGCCTCCCCAGGCG	38997592	AAGGCACGC
RYR1	chr19	+	38998352	CTCTCCACATCTCCATGCAGAGG	38998467	TGGGTACGG
RYR1	chr19	+	39001138	CCTATTTGCCCTCCCTACAGAGG	39001205	AAGGTGAGA
RYR1	chr19	+	39001300	CTCCCCCAACCCGTCTCCAGATC	39001421	CAGGTGGGC
RYR1	chr19	+	39002885	TTCCCCCGCTGCCCTTCTAGGAC	39003123	TCCGTAAGG
BRCA1	chr17	-	41256885	AGCTTGACACAGGTTTGGAGTGT	41256973	AGGAGCCTA
BRCA1	chr17	-	41256139	GAACCCGAAAATCCTTCCTTGGT	41256278	AGATGCAAA
BRCA1	chr17	-	41251792	CGTCTGTCTACATTGAATTGGGT	41251897	AGCAGGAAA
BRCA1	chr17	-	41249261	TAATAAGGCAACTTATTGCAGGT	41249306	AGGATCTGA
BRCA1	chr17	-	41247863	GTTTGGATTCTGCAAAAAAGGGT	41247939	AGTGTGGGA
BRCA1	chr17	-	41242961	AGTGACATTTTAACCACTCAGGT	41243049	AGGTGAAGC
BRCA1	chr17	-	41234421	AACAAAGCACATCAGAAAAAGGT	41234592	AGCAGAGGG
BRCA1	chr17	-	41228505	TAAAGAACCAGGAGTGGAAAGGT	41228628	AGTATTAAC
BRCA1	chr17	-	41226348	ACTTGCCAAGGCAAGATCTAGGT	41226538	AGGTCATCC
BRCA1	chr17	-	41222945	GGCCTGACCCCAGAAGAATTTGT	41223255	AGAGGGAAC
BRCA1	chr17	-	41219625	CTCATGTTGTTATGAAAACAGGT	41219712	AGATGCTCG
BRCA1	chr17	-	41215891	AATGGGTAGTTAGCTATTTCTGT	41215968	AGATGCTGA
PDHA1	chrX	+	19362011	GTTGGCCCGCGGCCCGGCGCAGC	19362212	CCGGTGAGA
PDHA1	chrX	+	19367430	GTATATTTTTGTCTTTTAAGGCA	19367489	AAGGTAAGA
PDHA1	chrX	+	19368055	ACTACCTTATTCCATTTCAGAAA	19368228	CAGGTGAGT
PDHA1	chrX	+	19371200	GTATGTTCTGCCATTTCCAGGAC	19371291	CAGGTAGTC
PDHA1	chrX	+	19373467	CTTTTCGTAACTACTTCCAGGGC	19373622	AGAGTAAGG
PDHA1	chrX	+	19373804	CCTCCCCTGTTTATTACCAGGTG	19373875	AAGGTAAGG
PDHA1	chrX	+	19375770	GCCTACCGGTTCTGTTTTAGGGG	19375837	CAGGTACGC
PDHA1	chrX	+	19377034	CTACTTTTCCCTCCCCATAGTTA	19377142	AAGGTACAG
PDHA1	chrX	+	19377607	CACTGTTACCTAATTTTTAGGAA	19379825	GAATTAACC
ATP7B	chr13	-	52544628	GGAATCTGCAGAAAGAAGCTGGT	52544885	AGAAAGCTG
ATP7B	chr13	-	52542580	GATGGCAACATTGAGCTGACAGT	52542743	AGGTGTTCT
ATP7B	chr13	-	52539008	GATATTATCAAAATTATTGAGGT	52539169	AGATCACAG
ATP7B	chr13	-	52524408	CTGATGAGTCCCTCATCACAGGT	52524535	AGGGAGGAG
ATP7B	chr13	-	52524143	GAAGAGGCTCAGATGTCAAAGGT	52524297	AGGAGAAGC
ATP7B	chr13	-	52520420	CCCCTGGAGATGGCGCACAAGGT	52520614	AGAACCCCA
ATP7B	chr13	-	52518245	GTCACCAAATACTGTAAAGAGGT	52518427	AGATAAAGA
ATP7B	chr13	-	52516522	GCAGCCTTCCCGCAGAAAAAGGT	52516690	AGGAACTTG
ATP7B	chr13	-	52515217	CCATCCTGGTGGCTATTGACGGT	52515360	AGATGCAGT
ATP7B	chr13	-	52513187	GCCAGAGCTATTGCCACCCAGGT	52513329	AGGTGTGCT
ATP7B	chr13	-	52511612	GCCGACGTCGTCCTTATCAGAGT	52511815	AGGTTGGCA
ATP7B	chr13	-	52511412	TTGGGATACCCATTGCAGCAGGT	52511529	AGAATGATT
SLC25A22	chr11	-	794987	AATGGCTGATAAGCAGATCAGGT	795169	AGGACAGAA
SLC25A22	chr11	-	794776	CCAGCGCGTGTACACGAGCATGT	794901	AGCCTGCCA
SLC25A22	chr11	-	794458	GCTACTTCGGCATGTACCGGGGT	794513	AGGTCCGAC
SLC25A22	chr11	-	793529	ACATCAGCTCTCTAAGGACGGGT	793619	AGGAGCTGC
SLC25A22	chr11	-	792870	TGCAGGATGCAGGGCGCATTggt	792988	AGGCAGAAG
SLC25A22	chr11	-	792553	ACTCGGGGCCACGCTGCTCAGGT	792727	AGCCGCCCA
SLC25A22	chr11	-	792304	TGGCCGTCAACCCCTGTGATGGT	792458	AGGGATGTC
SLC25A22	chr11	-	792142	TGGGATCCTGGACTGTGCCAGGT	792217	AGTGGTGAA
SLC25A22	chr11	-	790475	TAAATAAATATTCTAAGTAGATG	792068	AGGAAGATC
TNNT1	chr19	-	55658494	CGAGGAGCAGGAATATGAGGAGT	55658536	AGGCCGCAC
TNNT1	chr19	-	55658049	CTGCGGAGGAGGAGGAGGAAGGT	55658075	AGAGGAGGC
TNNT1	chr19	-	55656912	AGAGGAACGCCCCAAACCAAGGT	55656933	AGAAGAGGA
TNNT1	chr19	-	55653225	GGGGAGCGCGTTGACTTCGATGT	55653288	AGCCGCCCC
TNNT1	chr19	-	55652554	GTTGCCTTGAAGGAGCGCATTGT	55652670	AGGACATCC
TNNT1	chr19	-	55652251	GAACGTCAGGCTAAGCTGGCGGT	55652328	AGGAGCGGC
TNNT1	chr19	-	55649329	TTTGGCGGCTACCTGGTCAAGGT	55649442	AGGAGGAGA
TNNT1	chr19	-	55648471	CATGGGGGAGGAACAGCTCCGGT	55648580	AGGCAGAAC
TNNT1	chr19	-	55645255	CATCAGCCACGCCCAGAAGTTGT	55645295	AGATCAACG
TNNT1	chr19	-	55644161	TGTTATTATGGTTGAGATGCAGC	55644328	AGCCGTAAG